Scenario (hypothetical),Segment,Town / city,Age (fictional),Context,Task,Local hour (AEST fixture),Preferences (fixture),Interests (fixture),Needs (fixture),Strengths (fixture),Activity (fixture),Routines (fixture),Window (fixture),Ranked library ideas,Free library ideas,Seated library ideas,First three library matches,Review hypothesis
T1,Time-poor adults,Brisbane,34,"Hospital worker; irregular shifts, brief breaks",Find something on a tired workday,10,Indoors | Short bursts,Music,Not enough time | Low energy / tired | Work / shifts,I adapt when plans change,Every day is different,Work or study,It varies,17,14,1,One album side + Stroll [20 min movement; 0 extra min] | Call + Pace indoors [15 min movement; 0 extra min] | Wash cycle walk [15 min movement; 0 extra min],Interruptions and a long setup compete with a useful first idea.
T2,Time-poor adults,Melbourne,42,Desk worker; calls and rail commute,Use an existing call or transition,12,Outside | With someone,Podcasts | Friends / talking,Not enough time,I use public transport,Mostly seated,Calls | Work or study,Daytime,28,20,1,Coffee catch-up + Walk [25 min movement; 0 extra min] | Walking one-to-one [25 min movement; 0 extra min] | Garden + Podcast [25 min movement; -15 extra min],Make added time clearer than total activity duration.
T3,Time-poor adults,Sydney,39,Professional; meetings and little room outside,Find an indoor idea during work,11,Indoors | Alone,Learning,Not enough time | Privacy matters,I like getting things done,Mostly seated,Work or study,Daytime,29,22,1,Garden + Podcast [25 min movement; -15 extra min] | Work call + Walk [25 min movement; 0 extra min] | Podcast + Walk [18 min movement; 0 extra min],Work or study is saved but lacks a routine-ranking alias.
T4,Time-poor adults,Perth,48,Small business owner; weather-sensitive day,Find an indoor swap without travel,15,Indoors | Spontaneous,Music | Creative hobbies,Weather / heat | Need flexibility,I adapt when plans change,A mix of both,Household tasks,It varies,5,3,1,Call + Pace indoors [15 min movement; 0 extra min] | Audiobook + Tidy [15 min movement; -10 extra min] | Cook standing + Music [20 min movement; 10 extra min],One prominent indoor context action is more useful than many widgets.
T5,Time-poor adults,Newcastle,54,Hybrid worker; needs a seated option,Find a comfortable short break,12,Indoors | Short bursts,Reading,Physical comfort / accessibility | Not enough time,I know what works for me,Mostly seated,Work or study,Daytime,1,1,1,Break + Gentle stretch [3 min movement; 0 extra min],A very small seated library risks running out of relevant value.
T6,Time-poor adults,Darwin,29,"Hospitality worker; already active, late finish",Find something restorative after work,21,Indoors | Quiet,Music,Already active at work | Low energy / tired | Sleep matters,I know what works for me,On my feet,Work or study,Evening,16,13,1,One album side + Stroll [20 min movement; 0 extra min] | Call + Pace indoors [15 min movement; 0 extra min] | Wash cycle walk [15 min movement; 0 extra min],Do not imply an active worker needs to add another workout.
C1,Parents / carers,Ipswich,36,Parent; school run and two children,Fit movement into a supervised family moment,9,With someone | Outside,Family time,Family or caring | Not enough time,I care for others,Every day is different,School run | Caring for someone,Morning,27,20,1,Video call + Slow walk [20 min movement; 0 extra min] | Coffee catch-up + Walk [25 min movement; 0 extra min] | Garden + Podcast [25 min movement; -15 extra min],School-run examples connect; family support must not imply leaving children.
C2,Parents / carers,Adelaide,44,Single parent; alternating care days,Resume after an interruption without a fixed routine,14,Spontaneous | Short bursts,Family time | Music,Need flexibility | Not enough time,I adapt when plans change,Every day is different,No regular routine,It varies,24,17,1,One album side + Stroll [20 min movement; 0 extra min] | Video call + Slow walk [20 min movement; 0 extra min] | Garden + Podcast [25 min movement; -15 extra min],Irregular answers work; mobile resume and reachable Continue matter most.
C3,Parents / carers,Sydney,50,Unpaid elder carer; needs quiet indoor options,Try something alongside a household task,18,Indoors | Quiet,Audiobooks,Family or caring | Low energy / tired,I care for others,A mix of both,Caring for someone | Household tasks,It varies,17,14,1,Audiobook + Tidy [15 min movement; -10 extra min] | Video call + Slow walk [20 min movement; 0 extra min] | Call + Pace indoors [15 min movement; 0 extra min],Family context is broader than with the kids.
C4,Parents / carers,Geelong,60,Partner carer; seated comfort and fatigue,Find a small comfortable option near the person cared for,20,Indoors | Take my time,Reading,Family or caring | Physical comfort / accessibility | Low energy / tired,I know what works for me,Mostly seated,Caring for someone,It varies,1,1,1,Break + Gentle stretch [3 min movement; 0 extra min],"One eligible seated idea is a coverage issue, not a reason to relax needs."
C5,Parents / carers,Cairns,32,Parent of toddler; broken sleep and heat,Keep supervision and low energy in view,13,Indoors | Short bursts,Family time | Music,Family or caring | Low energy / tired | Weather / heat | Sleep matters,I’m willing to try small changes,Every day is different,Caring for someone | Household tasks,It varies,3,3,1,Call + Pace indoors [15 min movement; 0 extra min] | Audiobook + Tidy [15 min movement; -10 extra min] | Break + Gentle stretch [3 min movement; 0 extra min],An indoor alternative needs equal visual and functional prominence.
C6,Parents / carers,Ballarat,46,Family carer; a particular written need,Keep a specific need without receiving unsuitable ideas,11,Indoors,Music,Family or caring | Something else: I need to remain beside the person I care for,I know what works for me,Every day is different,Caring for someone,It varies,0,0,0,,Written needs pause all suggestions; explain this before finishing setup.
E1,Exercise-averse adults,Melbourne,27,Dislikes gyms; prefers private use,Find a useful idea without a fitness identity,19,Alone | Short bursts,Gaming | TV / streaming,I don’t enjoy exercise | Privacy matters,I can do things independently,Mostly seated,Household tasks,Evening,37,23,1,Work call + Walk [25 min movement; 0 extra min] | One album side + Stroll [20 min movement; 0 extra min] | Wash cycle walk [15 min movement; 0 extra min],No-guilt positioning fits; extensive tracking can still feel like homework.
E2,Exercise-averse adults,Toowoomba,37,Driver; difficult local walking access,Find something that does not depend on safe footpaths,12,Indoors,Podcasts,Hard to walk where I live | Safety matters,I know what works for me,Mostly seated,Podcasts or music,It varies,4,3,1,Call + Pace indoors [15 min movement; 0 extra min] | Audiobook + Tidy [15 min movement; -10 extra min] | Break + Gentle stretch [3 min movement; 0 extra min],Nearby restrictions are sensible; lead with an indoor equivalent.
E3,Exercise-averse adults,Perth,45,Low confidence; household tasks and music,Find movement inside something already enjoyed,18,Indoors | Music,Music | Making things,I don’t enjoy exercise | Low energy / tired,I like getting things done,A mix of both,Household tasks | Podcasts or music,Evening,23,16,1,Audiobook + Tidy [15 min movement; -10 extra min] | Plan the week + Stroll [15 min movement; 0 extra min] | One album side + Stroll [20 min movement; 0 extra min],Useful task-first cards may matter more than saving money.
E4,Exercise-averse adults,Hobart,58,Needs physical comfort and recovery,Find a seated low-energy idea without pressure,10,Indoors | Quiet,Reading,Physical comfort / accessibility | Need recovery,I know what works for me,Mostly seated,No regular routine,It varies,1,1,1,Break + Gentle stretch [3 min movement; 0 extra min],Expand verified seated content rather than adding stronger prompts.
E5,Exercise-averse adults,Bendigo,31,Prefers low sensory load and privacy,Find something quiet and solo,16,Quiet | Alone,Reading | Photography,Privacy matters | I don’t enjoy exercise,I can do things independently,Mostly seated,Household tasks,It varies,39,23,1,Work call + Walk [25 min movement; 0 extra min] | Garden + Podcast [25 min movement; -15 extra min] | Podcast + Walk [18 min movement; 0 extra min],Quiet is recorded but not enforced by the base library engine.
E6,Exercise-averse adults,Brisbane,63,Limited budget; no gym membership,Try an idea using only things already owned,10,Short bursts | Familiar places,Nature,Money is tight | Low energy / tired | I don’t enjoy exercise,I’m willing to try small changes,Mostly seated,Groceries,Daytime,18,16,1,Wash cycle walk [15 min movement; 0 extra min] | Call + Pace indoors [15 min movement; 0 extra min] | Audiobook + Tidy [15 min movement; -10 extra min],Zero confirmed saving is valid; gym-membership savings may be irrelevant.
